0,2
<a tabindex="-1" onclick="return LanguageMenu.onclick('ar');" ondragstart="LanguageMenu.ondragstart(event);" href="#ar">Arabic</a>,<a tabindex="-1" onclick="return LanguageMenu.onclick('he');" ondragstart="LanguageMenu.ondragstart(event);" href="#he">Hebrew</a>,<a tabindex="-1" onclick="return LanguageMenu.onclick('pl');" ondragstart="LanguageMenu.ondragstart(event);" href="#pl">Polish</a>
<a tabindex="-1" onclick="return LanguageMenu.onclick('bg');" ondragstart="LanguageMenu.ondragstart(event);" href="#bg">Bulgarian</a>,<a tabindex="-1" onclick="return LanguageMenu.onclick('hi');" ondragstart="LanguageMenu.ondragstart(event);" href="#hi">Hindi</a>,<a tabindex="-1" onclick="return LanguageMenu.onclick('pt');" ondragstart="LanguageMenu.ondragstart(event);" href="#pt">Portuguese</a>
<a tabindex="-1" onclick="return LanguageMenu.onclick('ca');" ondragstart="LanguageMenu.ondragstart(event);" href="#ca">Catalan</a>,<a tabindex="-1" onclick="return LanguageMenu.onclick('mww');" ondragstart="LanguageMenu.ondragstart(event);" href="#mww">Hmong Daw</a>,<a tabindex="-1" onclick="return LanguageMenu.onclick('ro');" ondragstart="LanguageMenu.ondragstart(event);" href="#ro">Romanian</a>
<a tabindex="-1" onclick="return LanguageMenu.onclick('zh-CHS');" ondragstart="LanguageMenu.ondragstart(event);" href="#zh-CHS">Chinese Simplified</a>,<a tabindex="-1" onclick="return LanguageMenu.onclick('hu');" ondragstart="LanguageMenu.ondragstart(event);" href="#hu">Hungarian</a>,<a tabindex="-1" onclick="return LanguageMenu.onclick('ru');" ondragstart="LanguageMenu.ondragstart(event);" href="#ru">Russian</a>
<a tabindex="-1" onclick="return LanguageMenu.onclick('zh-CHT');" ondragstart="LanguageMenu.ondragstart(event);" href="#zh-CHT">Chinese Traditional</a>,<a tabindex="-1" onclick="return LanguageMenu.onclick('id');" ondragstart="LanguageMenu.ondragstart(event);" href="#id">Indonesian</a>,<a tabindex="-1" onclick="return LanguageMenu.onclick('sk');" ondragstart="LanguageMenu.ondragstart(event);" href="#sk">Slovak</a>
<a tabindex="-1" onclick="return LanguageMenu.onclick('cs');" ondragstart="LanguageMenu.ondragstart(event);" href="#cs">Czech</a>,<a tabindex="-1" onclick="return LanguageMenu.onclick('it');" ondragstart="LanguageMenu.ondragstart(event);" href="#it">Italian</a>,<a tabindex="-1" onclick="return LanguageMenu.onclick('sl');" ondragstart="LanguageMenu.ondragstart(event);" href="#sl">Slovenian</a>
<a tabindex="-1" onclick="return LanguageMenu.onclick('da');" ondragstart="LanguageMenu.ondragstart(event);" href="#da">Danish</a>,<a tabindex="-1" onclick="return LanguageMenu.onclick('ja');" ondragstart="LanguageMenu.ondragstart(event);" href="#ja">Japanese</a>,<a tabindex="-1" onclick="return LanguageMenu.onclick('es');" ondragstart="LanguageMenu.ondragstart(event);" href="#es">Spanish</a>
<a tabindex="-1" onclick="return LanguageMenu.onclick('nl');" ondragstart="LanguageMenu.ondragstart(event);" href="#nl">Dutch</a>,<a tabindex="-1" onclick="return LanguageMenu.onclick('tlh');" ondragstart="LanguageMenu.ondragstart(event);" href="#tlh">Klingon</a>,<a tabindex="-1" onclick="return LanguageMenu.onclick('sv');" ondragstart="LanguageMenu.ondragstart(event);" href="#sv">Swedish</a>
<a tabindex="-1" onclick="return LanguageMenu.onclick('en');" ondragstart="LanguageMenu.ondragstart(event);" href="#en">English</a>,<a tabindex="-1" onclick="return LanguageMenu.onclick('ko');" ondragstart="LanguageMenu.ondragstart(event);" href="#ko">Korean</a>,<a tabindex="-1" onclick="return LanguageMenu.onclick('th');" ondragstart="LanguageMenu.ondragstart(event);" href="#th">Thai</a>
<a tabindex="-1" onclick="return LanguageMenu.onclick('et');" ondragstart="LanguageMenu.ondragstart(event);" href="#et">Estonian</a>,<a tabindex="-1" onclick="return LanguageMenu.onclick('lv');" ondragstart="LanguageMenu.ondragstart(event);" href="#lv">Latvian</a>,<a tabindex="-1" onclick="return LanguageMenu.onclick('tr');" ondragstart="LanguageMenu.ondragstart(event);" href="#tr">Turkish</a>
<a tabindex="-1" onclick="return LanguageMenu.onclick('fi');" ondragstart="LanguageMenu.ondragstart(event);" href="#fi">Finnish</a>,<a tabindex="-1" onclick="return LanguageMenu.onclick('lt');" ondragstart="LanguageMenu.ondragstart(event);" href="#lt">Lithuanian</a>,<a tabindex="-1" onclick="return LanguageMenu.onclick('uk');" ondragstart="LanguageMenu.ondragstart(event);" href="#uk">Ukrainian</a>
<a tabindex="-1" onclick="return LanguageMenu.onclick('fr');" ondragstart="LanguageMenu.ondragstart(event);" href="#fr">French</a>,<a tabindex="-1" onclick="return LanguageMenu.onclick('ms');" ondragstart="LanguageMenu.ondragstart(event);" href="#ms">Malay</a>,<a tabindex="-1" onclick="return LanguageMenu.onclick('ur');" ondragstart="LanguageMenu.ondragstart(event);" href="#ur">Urdu</a>
<a tabindex="-1" onclick="return LanguageMenu.onclick('de');" ondragstart="LanguageMenu.ondragstart(event);" href="#de">German</a>,<a tabindex="-1" onclick="return LanguageMenu.onclick('mt');" ondragstart="LanguageMenu.ondragstart(event);" href="#mt">Maltese</a>,<a tabindex="-1" onclick="return LanguageMenu.onclick('vi');" ondragstart="LanguageMenu.ondragstart(event);" href="#vi">Vietnamese</a>
<a tabindex="-1" onclick="return LanguageMenu.onclick('el');" ondragstart="LanguageMenu.ondragstart(event);" href="#el">Greek</a>,<a tabindex="-1" onclick="return LanguageMenu.onclick('no');" ondragstart="LanguageMenu.ondragstart(event);" href="#no">Norwegian</a>,<a tabindex="-1" onclick="return LanguageMenu.onclick('cy');" ondragstart="LanguageMenu.ondragstart(event);" href="#cy">Welsh</a>
<a tabindex="-1" onclick="return LanguageMenu.onclick('ht');" ondragstart="LanguageMenu.ondragstart(event);" href="#ht">Haitian Creole</a>,<a tabindex="-1" onclick="return LanguageMenu.onclick('fa');" ondragstart="LanguageMenu.ondragstart(event);" href="#fa">Persian</a>,